Department,Average_salary
"Software Engineering",65633.11747826095
"Admin Offices",66192.054125
"Production       ",65095.57541584153
"Executive Office",62058.92791666667
IT/IS,65844.40490697672
Sales,63741.47770392755
